word,success,wrong_guesses,repeated_guesses,num_steps,guesses_seq
dogs,0,6,0,9,a e o l r s b u
cancellated,1,0,0,8,a l t e c n d
scrimmager,1,0,0,9,e r a m s c g i
thermosystaltic,1,1,0,14,a n r t i s e o c h l m y
fibrinogenetic,1,1,0,12,a e n i c t o r g b f
subtrude,1,3,0,11,e a i o u r s t b d
nornorwest,1,2,0,10,e s i a o t n r w
repacification,1,0,0,11,a t i n o e r c p f
casebox,1,4,0,12,e r n a l s c t o b x
staboy,1,5,0,12,e a n s t g i r b o y
trichocephalus,1,0,0,13,a l i c h e o p s u t r
foyaitic,1,5,0,13,e a n r l s t i c o f y
unitiveness,1,1,0,9,a e s n i t u v
superideal,1,1,0,11,e s r t i a l u d p
cosmicality,1,1,0,11,a t i c l e o m y s
repositor,1,1,0,9,e r n s o t i p
tyriasis,1,3,0,10,e a r l n s i t y
tideswell,1,0,0,8,e s t l i d w
pericellular,1,0,0,9,a l e r i c p u
nowheres,1,2,0,10,e r t p n s o w h
sigurd,1,4,0,11,e a u r t c i s d g
syncopation,1,0,0,10,a t i n o p s c y
bdelloura,1,0,0,9,e r a d l o u b
anacidity,1,1,0,9,e i n a c t y d
divaricating,1,0,0,10,a t i n c g r d v
c,1,1,0,3,p c
infidelly,1,1,0,9,e r n i d l y f
bran,1,4,0,9,a n o e s t r b
autoportrait,1,0,0,8,a t r o p i u
viewably,1,4,0,13,e r s a l p y c b i v w
suggestionize,1,1,0,11,a e n i s t g o z u
superdiabolical,1,0,0,13,a l i c s e r p b o d u
dauw,0,6,0,8,a r t n l b p
psychobiological,1,1,0,13,a r l o c i p h s g b y
tahil,1,4,0,10,a r n l s c t i h
rigescent,1,1,0,10,e s t c n p r i g
tossingly,1,2,0,11,e i n g l y s p t o
gaonic,1,2,0,9,e a n i c r g o
unwinding,1,1,0,8,e i n g d u w
phylarchy,1,2,0,10,e i a r y h p c l
resegment,1,0,0,8,e t n r m s g
gastroduodenitis,1,1,0,13,a l r o t i s d e n g u
betonica,1,2,0,11,e r l n t o i c a b
counterattractively,1,0,0,13,a t e r c i o n l y u v
homoeomery,1,2,0,9,e s r o m h i y
anglicanize,1,2,0,11,a t n i c g l s z e
kunkur,0,6,0,8,e a u s t l b
dithioglycol,1,3,0,13,a e o n l i c t h d y g
amphigenesis,1,3,0,13,a t r l s i e n m p h g
papillar,1,2,0,8,e a n l r p i
nondichotomous,1,2,0,13,a e o n t i s c h d u m
malinstitution,1,0,0,10,a t i n l o s m u
unrippling,1,4,0,12,e i a n g t d p r u l
phlegmatist,1,0,0,11,a t i s m p h e l g
blaster,1,1,0,9,e r a l c b t s
yagua,0,6,0,8,a l n r t m c
counterwilling,1,1,0,13,a e n i l t r c o g u w
unturn,1,2,0,7,e a u n t r
soulish,1,4,0,11,e a i n s h o r u l
palaeogaean,1,0,0,8,a l n e p o g
teasellike,1,1,0,9,e r l a i t s k
valleculate,1,0,0,8,a t l e c u v
nectarivorous,1,1,0,13,a t s p e n r o i c u v
catpiece,1,0,0,7,e a c t i p
guillotinism,1,2,0,12,a e o s i l t u m n g
trachelomastoid,1,0,0,13,a t i c o h e s r l d m
bearlike,1,1,0,9,e r a i v l b k
ambagious,1,3,0,12,e i a t l s o b u m g
udomograph,1,3,0,13,e i a r c p o h u m g d
decongestive,1,1,0,12,a e n s t i d c o g v
oudemian,1,2,0,11,e r n a s i u m d o
tiffin,1,4,0,9,e a u o i t n f
parate,1,0,0,6,e a t r p
lean,1,2,0,7,a n o e m l
soldi,1,3,0,9,a e o l y d i s
subcash,1,5,0,12,e a r t n l s h b u c
medoc,0,6,0,9,a e r l t n d u
overroll,1,0,0,6,e r o l v
orthodromy,1,3,0,11,e i a o r m y t h d
temptatious,1,2,0,12,a n r t i e s o m u p
flameproof,1,1,0,10,e r o t p f l a m
gouty,0,6,0,10,a e o l r t y f c
scholasticate,1,0,0,10,a t i s c e o h l
auditory,1,2,0,11,e a n r o y t d i u
enlight,1,2,0,10,e n a i d t l g h
chromocollotypy,1,2,0,12,a e o l c r m p y t h
footscald,1,3,0,12,e i a r l o s t c d f
cohelpership,1,2,0,12,a e n s r p h c o i l
castrator,1,2,0,9,e i a r t c o s
quadrifid,1,3,0,11,e i c s a d u r f q
abaris,0,6,0,8,e a n l c m d
witheredly,1,0,0,10,e r d l i y w t h
kokoon,1,3,0,7,e a u o k n
kaki,0,6,0,8,a r t n l b p
sprunny,1,4,0,11,e a i o u n s p r y
lethargic,1,0,0,10,e r t h g a i c l
hustlecap,1,2,0,12,e r n l p s a c u t h
cardianeuria,1,0,0,9,a r i n e c d u
unbribed,1,2,0,10,e r d a i p u n b
flaunt,1,2,0,9,e a n u t d f l
tolowa,1,4,0,10,e a i u c t o l w
snapy,1,3,0,9,a r s l p y h n
nonrupture,1,3,0,11,e a i c o n r u t p
overwisely,1,1,0,11,e s r o a i l y v w
chauvinist,1,1,0,11,e i a t s c n h u v
unfighting,1,3,0,11,e i a n g u h t s f
sweepable,1,2,0,10,e s t p h a l b w
hyracid,1,5,0,13,e a n l s r c o h i d y
aptyalism,1,2,0,11,e i n s t a p m l y
synalgia,1,2,0,10,e a r s n l i y g
rankly,0,6,0,9,e a n c i o t s
leila,1,4,0,9,a u t i c m e l
semischolastic,1,0,0,11,a t e i s c o h m l
wealden,1,1,0,8,e r d l n a w
tirl,1,4,0,9,a e o i n l r t
thalassocracy,1,0,0,10,a t c l r s o h y
thiefproof,1,2,0,11,e r n s o p f t i h
vertumnus,1,2,0,11,e r i a t u n s m v
termolecular,1,0,0,10,a l r e o t c u m
infraorbital,1,0,0,10,a r i n t l o b f
becudgel,1,3,0,11,e r n l s d c b u g
pedatisect,1,1,0,10,e s r t d i a p c
kroner,1,3,0,9,e r a i o n d k
parasemidine,1,1,0,11,a t r p n e s i d m
unimpowered,1,2,0,13,a e r d u n t o i m w p
hoydenhood,1,2,0,9,e r n i o d h y
becrimson,1,1,0,11,e r a o n i c s m b
seldomly,1,2,0,10,e r l a y o d s m
hexane,1,4,0,10,e r t l n d a h x
tutorly,1,3,0,10,e a i o u t r y l
peaker,1,3,0,9,e r t d l p a k
mocuck,1,4,0,10,e a u r l c o k m
harstigite,1,1,0,10,e a t i n r s h g
aspheterize,1,0,0,10,a t i e r s h p z
titmarshian,1,0,0,9,a n t i r m s h
dicotyl,1,4,0,12,e a i n s l t c o d y
multiradicular,1,1,0,11,a n l r i u t c m d
inscroll,1,2,0,10,e a i o s l c r n
solivagous,1,2,0,11,e i a t s o l u v g
photoelectric,1,1,0,11,a e r c t o p h i l
interval,1,1,0,10,e r i t o n a l v
chacker,1,2,0,9,e r a l s c h k
petrogenesis,1,1,0,11,a e s n r i o g p t
talonavicular,1,0,0,11,a l t n r c i o u v
safebreaking,1,0,0,11,a n e r g s b i k f
rostrocaudal,1,0,0,10,a c r o l t s d u
polysyntheticism,1,2,0,15,a e r s t i p h o n m y l c
uncompelled,1,3,0,13,a e n d s c o u t m l p
undeniedly,1,0,0,8,e n d i u l y
incontrovertibleness,1,1,0,13,a i n e t r o s c l v b
retrogressively,1,1,0,12,a e r s t i o l y v g
cymotrichy,1,3,0,12,e i a s o c h y r t m
eruct,1,1,0,7,a e t r c u
inviability,1,1,0,10,a n e i t l y b v
accountant,1,2,0,9,e i a t n c o u
retinoscopist,1,1,0,11,a e s i t o c n r p
pseudotetragonal,1,0,0,13,a t e r l s d p u n o g
withergloom,1,3,0,14,a e s n r o i t m h l g w
petaloideous,1,1,0,12,a t n l i o s e p u d
ebionism,1,0,0,8,e n i s o m b
amelification,1,0,0,11,a t i n o l c m f e
promerit,1,0,0,8,e r t i p o m
drouk,1,4,0,10,a e o r c s d u k
alacreatinine,1,0,0,9,a n e l t i r c
magnetomotive,1,0,0,10,a t i n e o m v g
aberrant,1,1,0,8,e r o a t n b
balistraria,1,0,0,8,a r i s t l b
perigastrular,1,0,0,11,a r e i t s p u l g
sponsorial,1,1,0,10,e i a n s o l r p
corymb,1,5,0,12,e a u o n l c m r b y
ferricyanogen,1,1,0,12,a s c n o r e i g f y
stub,1,4,0,9,a e o i u t s b
lemmus,1,3,0,9,e r l n d m u s
arxcyt,1,5,0,12,e a n l s r t i y c x
gnar,1,0,0,5,a n g r
gyrostatically,1,2,0,13,a n l t y i c s o p r g
hygrine,1,4,0,12,e a i n t p r b g h y
abbotnullius,1,0,0,10,a t i o n l b u s
hylomorphism,1,2,0,12,a e o r m i h y p s l
ramhead,1,3,0,10,e s a n l r m d h
blancard,1,1,0,9,e a n l r d c b
gentlewomanhood,1,1,0,13,a s l e n o m t g d w h
twisterer,1,1,0,8,e r a t i s w
supramarginal,1,0,0,11,a r i n l p s m u g
teletopometer,1,1,0,9,a e t o r l m p
subintegumental,1,1,0,13,a l c t e n u s m b i g
curarine,1,2,0,10,e a t n i m r c u
bungling,1,2,0,9,e a i n g u l b
himself,1,3,0,11,e s r l o i a m f h
phenotypically,1,0,0,12,a l i c y p h e n t o
overmortgage,1,0,0,9,a t r e o g m v
galactophlebitis,1,0,0,13,a l i t e o s p c h b g
coquettishness,1,1,0,12,a e s t i c o n u q h
boophilus,1,3,0,12,e i a o l y u s p h b
misbirth,1,3,0,11,e a i l s t r h m b
rebranch,1,1,0,9,e r a l n c h b
untrespassing,1,0,0,11,a s t i n e g u r p
verrucarioid,1,1,0,11,a n c r i o d u e v
collare,1,1,0,8,e a t r l c o
doublets,1,2,0,11,e s l a o n d u b t
uranium,1,2,0,9,e a n i o r u m
phagineae,1,0,0,8,e a n p g i h
europocentric,1,1,0,11,a e t o r c n i p u
cupper,0,6,0,10,e r a t o s i u m
juncaceae,1,0,0,7,e a c u n j
animalivora,1,0,0,9,a r i n l o m v
apartness,1,2,0,10,e s l n i r a t p
burgality,1,4,0,14,e i n s a l t y c u r b g
cecilite,1,1,0,7,e r l i c t
genipa,1,2,0,9,e r l n a i p g
alsophila,1,2,0,10,e i n s a l h o p
rimption,1,2,0,10,e a i n t o p m r
phiallike,1,1,0,9,e a t l i p h k
hospitium,1,2,0,11,e i n t p s o m h u
minitari,1,1,0,8,e a t i n r m
consecute,1,2,0,10,e r a t s c o u n
chamecephalic,1,0,0,9,a l i c h e p m
surbased,1,1,0,9,e r i a d u s b
coextent,1,2,0,9,e r s n t c o x
subruler,1,3,0,10,e r o a i u l b s
anthranyl,1,3,0,11,e i a r n t h l o y
scalewing,1,2,0,12,e r s t l a c n i g w
coralbush,1,3,0,13,e i a l n o u s c h r b
rebeck,1,3,0,9,e r l d t b c k
hepatoperitonitis,1,0,0,11,a r t i e o p n s h
cardsharping,1,2,0,13,a t l c r i n g d s h p
spermatophyte,1,0,0,11,a t e p r h o m s y
drifting,1,3,0,11,e a i n g s r t f d
disfashion,1,2,0,11,e i t n s h o a d f
sydneian,1,1,0,9,e r a n s i y d
clementine,1,1,0,9,e r n t c i l m
ideophonetics,1,2,0,13,a e r o n s p i t h c d
everglade,1,0,0,8,e l r a d v g
unloosably,1,3,0,12,e i a r l o s y u b n
lacmoid,1,3,0,11,e a n l r m o c d i
befrocked,1,1,0,10,e r o d c p k b f
loxocosm,1,4,0,11,e a i o r l m c s x
tag,1,3,0,7,a l t n d g
unsweeten,1,0,0,7,e n t s u w
cheliform,1,2,0,12,e r a o t l i c h m f
teasiness,1,0,0,7,e s i n t a
reattempt,1,2,0,9,e r n l t a m p
choripetalous,1,1,0,14,a t n p i e l o r s c h u
coadventurer,1,0,0,11,a t e r n c d o u v
towan,1,3,0,9,a l n s t o m w
nozzler,1,5,0,12,e r a s u i o l t n z
militarily,1,1,0,9,e i t l a y r m
uninquisitorial,1,1,0,12,a l c t i n u o r s q
bacchanalian,1,0,0,8,a n c l h i b
mediterraneanism,1,0,0,10,a r n e i m t s d
disliker,1,2,0,10,e r a s i l k m d
wetchet,1,2,0,8,e r d t h c w
whenever,1,1,0,8,e r n b h v w
parsonolatry,1,0,0,10,a r o t n y p l s
tricennial,1,0,0,9,e r a l i n t c
overrudeness,1,2,0,11,a e r s o n v i u d
shutoku,1,3,0,10,e a i o u s t h k
supersanity,1,1,0,12,a t i r e l s u n y p
securiferous,1,1,0,10,a e r o s u i c f
shareman,1,0,0,8,e r a n s m h
ungeographically,1,0,0,14,a l o r y c g n p h i u e
elliott,1,2,0,8,e n r l t i o
sialolith,1,2,0,10,e i n t s l a o h
gunneress,1,2,0,9,e s l r p g n u
erythrodermia,1,1,0,12,a o p r e i t m d h y
chokerman,1,1,0,11,e r i a n m o c h k
copenetrate,1,0,0,9,a t e p r n c o
birsle,0,6,0,10,e a i l t n g f c
afret,1,3,0,9,a n l s r t e f
bucentaur,1,2,0,11,e n t i s u r b c a
falsificator,1,0,0,10,a r t i c f l o s
astrier,1,0,0,7,e r s t a i
frontooccipital,1,0,0,11,a l c o t i p n r f
nonjurorism,1,3,0,12,a e i o n g r s u m j
supersignificant,1,0,0,13,a t i s n e c u r p g f
vesical,1,1,0,9,e r l a s i c v
seeable,1,1,0,7,e t a l b s
renidification,1,0,0,11,a t i n c d o r e f
macrostylospore,1,0,0,12,a r o s e t y c p m l
peelable,1,0,0,6,e l a p b
coelenteron,1,1,0,9,a e r o n t c l
cerule,1,3,0,9,e r i a u l p c
rattlebrain,1,0,0,9,a t r i e n l b
eschynite,1,1,0,10,e l t n c i h s y
quadrifrons,1,1,0,12,a t s n r i u o d f q
serenader,1,0,0,7,e r n a d s
holoblastic,1,1,0,11,a t e c i o l s h b
hence,1,2,0,7,a e r n c h
overhead,1,3,0,11,e r l n p d o v a h
tanya,1,3,0,8,a l n g d t y
pterygode,1,0,0,9,e r o t y p g d
experient,1,0,0,8,e n t p x i r
spelding,1,2,0,11,e r s l i n g h p d
trady,1,3,0,9,a r t e i p d y
barabora,1,2,0,7,e a r c b o
analysability,1,0,0,9,a n i l y t b s
disklike,1,3,0,10,e a i l t n k s d
supercrust,1,0,0,8,e r s u t p c
castalio,1,2,0,10,e a r l t o s i c
lecideaceous,1,1,0,11,a n c o e u s i d l
winterling,1,2,0,11,e r s a t i n g l w
deflectable,1,0,0,9,a l e d t b c f
tunester,1,0,0,7,e r t u n s
backspread,1,2,0,12,e s i r a t c p b d k
dotate,1,1,0,7,e a t u d o
epiclastic,1,0,0,9,e t i c a s l p
deleteriously,1,1,0,12,a e l r i o y s d u t
bradypus,1,2,0,11,e a n s r p b d u y
sulfopurpurate,1,0,0,11,a t e u l r p o s f
cofmputer,1,2,0,12,e r a t m u p c o v f
cystadenoma,1,1,0,12,a p m n t s d e o c y
heterotactous,1,0,0,10,a s c e t o r u h
ebriate,1,2,0,9,e n l r a t i b
actinophore,1,0,0,11,a t i n c o r e p h
specialize,1,1,0,10,e r l i s c a p z
isoflor,1,2,0,9,e a i o r s l f
unshunned,1,1,0,8,e r d u n s h
abridgeable,1,1,0,10,a l i c e b d r g
martialness,1,0,0,10,a r t s l e i m n
compsoa,1,2,0,9,e a i c o m p s
rimmer,1,2,0,7,e r i s d m
blankeel,1,2,0,9,e d r l a n b k
nugatory,1,2,0,11,e a n t o r y i g u
perjure,1,0,0,6,e r p u j
query,1,2,0,8,a e r t y u q
suboral,1,2,0,10,e a n l r o s u b
foreleech,1,0,0,8,e r c o h l f
adscription,1,1,0,12,a t i l n r c s o p d
pseudopious,1,3,0,11,a e r n s p o u i d
unhurled,1,2,0,10,e r d u n t i l h
overexpectantly,1,1,0,14,a n i e t r o l y c p v x
unstatesmanlike,1,0,0,11,a s t n e i u m l k
starter,1,1,0,7,e r s a p t
congruously,1,3,0,13,a e i o u n s c g l y r
utopiast,1,1,0,9,e a t i o s p u
procoercive,1,2,0,10,a e n r i o c p v
nayward,1,2,0,9,e a r c d n y w
grandmother,1,1,0,12,a t i r e n g o d h m
nestitherapy,1,0,0,11,a t e n r s i p h y
incarceration,1,0,0,9,a t n i c r o e
pantothenic,1,0,0,10,a t i n e c h p o
counterobligation,1,0,0,13,a n i o t r u l e c g b
toggery,1,5,0,12,e s a r o y l d c t g
cordmaker,1,0,0,9,e r a m c o d k
nucleiferous,1,1,0,12,a e n s r i u l c o f
sweatbox,1,3,0,12,e r s l t o w p a b x
phyllotaxy,1,4,0,13,e i a r t c l p y h o x
homuncular,1,3,0,13,e i a r u l c s m n h o
turbotlike,1,1,0,11,e a i t r o l b u k
detent,1,1,0,6,e r n t d
nunqlb,1,4,0,10,e a u l y i n b q
agraphia,1,2,0,9,e a n i r p h g
disgracefully,1,1,0,14,a t s e l i r y d c u f g
oculary,1,2,0,10,e a r i u o y l c
rhinolophidae,1,0,0,11,a l e i o n h p d r
ringbarker,1,0,0,9,e r a i n g k b
prerectal,1,1,0,9,e r p n l t a c
reptatorial,1,1,0,10,a n l t r e i o p
corpuscularity,1,0,0,12,a t i c r u o y s l p
sugarberry,1,0,0,9,e r a s u y b g
brose,1,2,0,8,a e s o r p b
oxy,0,6,0,8,a u o l c r s
archeunuch,1,0,0,8,e r a c h u n
bessemer,1,1,0,7,e r s n m b
rageless,1,2,0,9,e s l o a g c r
astrophysical,1,0,0,12,a l t r o s i p h c y
monstrator,1,2,0,10,e i a r t s o n m
casern,1,1,0,8,e n a t r c s
conjugant,1,4,0,13,e i a r l n o t c g u j
coadsorbent,1,0,0,11,a t n s e r o c d b
anglicanism,1,1,0,10,a t n i c g l s m
speculist,1,1,0,10,e r s t l c i u p
serapist,1,1,0,9,e r i n t s a p
aristocrat,1,2,0,10,e i n t s a r o c
adorningly,1,1,0,11,e i a l n y r g d o
kitalpha,1,4,0,12,e a r s t g l i p h k
enterogastrone,1,0,0,9,a t e r o n s g
moirette,1,2,0,9,e t c i n m o r
laparocolostomy,1,0,0,11,a l o r m p s y t c
workbag,1,4,0,12,e a n l r o t b g w k
pathoanatomy,1,1,0,10,a c t o n m p y h
apedom,1,5,0,12,e r s l c n a d o m p
unsanctitude,1,0,0,10,a t n i u s c d e
lye,0,6,0,8,a u o e r d i
hipshot,1,3,0,10,e a i n s h o p t
disruption,1,2,0,12,e i t n o a r d u s p
solidism,1,5,0,12,e a i n t r s o m l d
waterishly,1,0,0,11,e r a t y l i s h w
trustingly,1,2,0,12,e i a n g l y t s r u
christianly,1,1,0,12,a l e y i s t c h r n
mistresshood,1,1,0,11,a e s i o t r m d h
episcopalianism,1,0,0,11,a n i s p e c o m l
silenaceous,1,0,0,10,a n s e i l c o u
notifyee,1,2,0,10,e a r o n t i f y
airmark,1,1,0,7,e a r i m k
strengthy,1,0,0,9,e n t r h y s g
annamitic,1,1,0,8,e i c t a n m
disubstituted,1,2,0,10,a e n t s i d u b
telluriferous,1,1,0,11,a e s r l u o i t f
unadvertisement,1,0,0,12,a t e n i r s m u d v
azygosperm,1,1,0,12,e s t r o p m a g y z
disarm,1,4,0,11,e a n r o i c m s d
tergiferous,1,1,0,11,a e r i o s t u g f
vagotropic,1,1,0,11,e i a c t o r p g v
rachigraph,1,1,0,9,e i a r c h p g
mishnaic,1,4,0,12,e a t l r s i n c m h
cavicornia,1,1,0,9,e i n a c o r v
hu,1,5,0,8,a o e u m t h
multiovulate,1,0,0,10,a t e i l u o m v
appallment,1,1,0,9,e s n t m a l p
underpropper,1,1,0,9,a e r p u n d o
bespend,1,1,0,8,e r s d p b n
plasticity,1,1,0,10,e i a t s p y l c
momotus,1,3,0,9,e a i o m u s t
slapsticky,1,1,0,11,e i a l t s c k y p
presumer,1,3,0,10,e r p d a n s u m
deracialize,1,2,0,11,a t r i n e l c d z
gospelmonger,1,1,0,11,a e r n o g s l m p
vesicoclysis,1,1,0,10,a e s i c o l v y
ochlophobist,1,2,0,12,a e o s t l p h c i b
underdress,1,0,0,7,e s n u r d
caprimulgine,1,1,0,13,a t r i n c e l p m u g
isogonally,1,1,0,10,e i n a l o y s g
lairdship,1,2,0,11,e i c a d s l p h r
wisteria,1,1,0,9,e r t i s a l w
underbreathing,1,1,0,13,a s n e r t i g u h d b
yj,0,6,0,7,a o e u p b
weedful,1,1,0,8,e l d u f s w
patrilineally,1,0,0,10,a l i n e t y r p
powsoddy,1,5,0,12,e a i o l m d p s y w
loquacious,1,1,0,10,e i a l o u s c q
apostolian,1,1,0,10,e i a t n o l s p
hartshorn,1,2,0,10,e i a t r o h s n
tangency,1,1,0,9,e r a t n g c y
lustfully,1,4,0,11,e i a o u l s t y f
sacra,1,4,0,9,a l n r b t c s
benzofuroquinoxaline,1,0,0,14,a n o u e i r l b f q z x
brut,1,5,0,10,a e o i u t s b r
desegmentation,1,0,0,11,a t o n e s d m i g
pimola,1,4,0,11,e a i n t c l p m o
tietick,1,4,0,10,e r s n l t i c k
minorcan,1,1,0,9,e a n i o r m c
undistinctive,1,1,0,11,a e s i n t d c u v
pacifier,1,1,0,9,e r a t p i c f
tufa,0,6,0,9,a u b p r l n m
tuberculiferous,1,2,0,14,a e n u r s l i t o c b f
venizelist,1,1,0,10,e s r i t n l v z
lichenicolous,1,1,0,11,a e s n o c i l h u
tutulus,1,4,0,9,e a i o u l s t
bombilate,1,4,0,13,e a t i c n s d l b o m
reanimate,1,0,0,8,e r t a i n m
postconceptive,1,1,0,11,a e t o p c i n s v
baldachini,1,1,0,10,e i a n l c h b d
filipendula,1,0,0,10,a p i l e n d u f
smurry,1,2,0,8,e a u r y s m
spirifera,1,2,0,10,e s n l r i a p f
ichthyophagi,1,1,0,11,a t e i h o c p g y
mowcht,0,6,0,11,e a u o n l c h m i
housekeeper,1,1,0,10,a e r s p u h o k
lowerable,1,2,0,10,e r i u a l o b w
nuttery,1,3,0,10,e s a r o u n t y
convoluta,1,2,0,11,e i a o l n t c u v
proctorial,1,2,0,11,e i a n l t o r p c
sil,0,6,0,8,a u o e i n d
zooecial,1,3,0,11,e r n l a d c o i z
mermaid,1,1,0,8,e r i c d m a
nonpapal,1,1,0,7,e a n p l o
question,1,1,0,10,e r s u t i n o q
recontribute,1,1,0,11,a e n t r o i c b u
joyfulness,1,3,0,13,e s n i a u r o l f j y
meio,0,6,0,8,a e s t l r n
sphingomyelin,1,1,0,13,a e n i s o m h p l g y
straightwards,1,1,0,11,a l r t s i d g h w
handbill,1,4,0,12,e a n i g t s l d b h
meaningness,1,1,0,9,a t s e n i m g
reargue,1,1,0,7,e r i a u g
mozdel,1,4,0,11,e r d n m o l w x z
glidewort,1,1,0,11,e r o a t w l i d g
prochronic,1,3,0,11,e i a o s c r p n h
engross,1,2,0,9,e n a i o s g r
nonparticipant,1,0,0,9,a r i n t p o c
otosalpinx,1,3,0,13,e i a n g c o t l s p x
carouse,1,3,0,11,e a t n r m o s u c
delighted,1,1,0,9,e r d l i t g h
dyschroa,1,4,0,13,e a i u t c o h s r d y
rum,1,3,0,7,a u m c h r
iridauxesis,1,3,0,12,a n t l r i s d e u x
metamer,1,0,0,6,e r t a m
terricole,1,1,0,9,e r a i c o t l
communistery,1,1,0,13,a e s n t o m r i y c u
anaerobiosis,1,0,0,9,a n r o i s b e
spending,1,3,0,11,e r s l t n i g d p
trimera,1,1,0,8,e s a r i t m
uninquisitive,1,1,0,10,a e s i n u t v q
miglio,1,5,0,11,e a u o s t i l m g
consuete,1,2,0,10,e a r c o n t s u
phoenix,1,4,0,12,e r n c s a o i p h x
polytonalism,1,0,0,11,a t i n o l p y s m
visceralgia,1,1,0,11,a r t c i l e s v g
phytoserology,1,2,0,13,a e s n o r p h y l t g
breakage,1,3,0,10,e r t s l a b g k
teju,1,4,0,9,a e s t c u b j
unentombed,1,1,0,10,e r n d u t o m b
intercrop,1,1,0,10,e n r a o t p i c
odontotherapy,1,0,0,11,a t o r e n p h y d
diabrotica,1,2,0,11,e i t n a r c b d o
mtgnhvjmpgj,1,4,0,13,a e i o m g n t h j p v
adamitical,1,1,0,9,e i a t l c m d
chirograph,1,3,0,12,e i n t c o r h a p g
abiston,1,3,0,11,e a n r l i s t o b
inundation,1,1,0,9,e i n t a o d u
considering,1,1,0,11,a e r i n s c o g d
acrolith,1,2,0,11,e a n r o t i c h l
festively,1,0,0,9,e s t i v l y f
conjugatae,1,0,0,10,e a c o n t g u j
columelliform,1,2,0,12,a e n r l o m i c f u
sudoral,1,3,0,11,e a n l r o s u b d
experientially,1,0,0,11,a l i e r n y t p x
aquagreen,1,0,0,8,e r n a g u q
laboulbeniaceae,1,0,0,10,a l e b i o n u c
siliquose,1,1,0,9,e a i s o l u q
diascordium,1,2,0,12,a t s e i d c o r m u
retranslate,1,0,0,8,a t e r l n s
microdose,1,2,0,11,e a i t s o c r m d
whase,1,2,0,8,a r s h i e w
blastoporal,1,1,0,10,a t e l o r p b s
readjudicate,1,1,0,11,a t i e r s d u c j
pasmo,0,6,0,9,a r n l s h c t
parentela,1,1,0,9,e s n r a t p l
redamnation,1,0,0,10,a t i n m d o r e
nonplanetary,1,0,0,10,a t n e l r o y p
noncredibility,1,1,0,13,a e n i t o r l y d c b
catvine,1,1,0,9,e a t i n c h v
infratracheal,1,0,0,11,a r t l n c h e i f
boater,1,4,0,11,e r a s l p t o c b
nematelminthes,1,0,0,10,a n e t m s i h l
geminately,1,2,0,12,e s r n t l a i y m g
pumple,1,5,0,11,e a i u l b r d p m
chabazite,1,1,0,10,e a n t i h c b z
antipolar,1,2,0,11,e i a t l n r o s p
parapleurum,1,0,0,8,a r p u l m e
psychoclinic,1,2,0,12,a e o s c i h n l p y
weatherworn,1,0,0,9,a t e r h w o n
refractorily,1,1,0,12,a n r e t o i c l y f
foreignness,1,1,0,10,a e n s r o i f g
backshift,1,2,0,12,e i n s t c a h b k f
oarcock,1,5,0,11,e a n l s t r o c k
pustulate,1,1,0,9,e a t o u s l p
jolleyman,1,2,0,11,e r s n a m l o j y
recaptivation,1,0,0,11,a t i n p c o r e v
hierophantically,1,0,0,13,a l o r i n e t y h c p
discontiguous,1,2,0,12,a e o s i u n t c d g
maw,0,6,0,9,a l t m r e u y
bate,1,1,0,6,a r t e b
slaking,1,3,0,11,e a n g i r l b s k
almeriite,1,0,0,8,e r i a t l m
nonexistent,1,1,0,9,a e n t s o x i
consocies,1,3,0,10,e r d t n s c o i
apophthegm,1,3,0,12,e s n a c p h t m o g
cabocle,1,3,0,10,e a t n r l c b o
mand,1,3,0,8,a r t n g d m
plumdamas,1,3,0,11,e i a n l m s p u d
scoffingly,1,5,0,15,e i a n g l y t u o r s f c
azygobranchia,1,0,0,12,a n c r o h b i g y z
rasenna,1,1,0,7,e r l n a s
preference,1,0,0,7,e r n p c f
pentafid,1,2,0,11,e r l n t i a d p f
bivariate,1,0,0,8,e a t r i b v
punching,1,2,0,10,e a i n g u c h p
logographically,1,0,0,11,a l i y r o g c p h
homoptera,1,1,0,10,e s a r t p o m h
gynecology,1,4,0,12,e r n s p t o g y l c
subtartarean,1,0,0,9,a r t n s e u b
sarkine,1,3,0,11,e a t n c s i r d k
inspectoral,1,0,0,12,a l c t o r p s i n e
ditch,0,6,0,11,a e o i n s t h c p
dorcatherium,1,1,0,13,a n r o t i e c d m h u
dermomuscular,1,0,0,11,a l r u m s c d e o
intromissible,1,1,0,12,a e s i n t o l r m b
bason,1,2,0,8,a r n s o m b
cambaye,1,3,0,10,e a t n r c b m y
xanthoproteinic,1,0,0,12,a r t i n o c h p e x
untwirled,1,1,0,11,e r n d a u i t l w
ringtail,1,1,0,9,e a t i l g n r
bornean,1,1,0,8,e s a n b o r
suffuse,1,2,0,7,e a i u s f
fanatically,1,0,0,9,a l y c n t i f
affirmation,1,0,0,9,a t i n o r f m
calculous,1,4,0,11,e i a t r l u c s o
cleverality,1,0,0,10,a t i r l e y c v
bezoardic,1,1,0,11,e r t i d c a o b z
wandery,1,3,0,11,e s a n r y t c d w
diazotate,1,0,0,8,e a t i d z o
minor,1,2,0,8,a e o n i r m
tongueless,1,0,0,9,e s n t o g l u
lophotriaene,1,0,0,11,a l i e o n r p h t
friable,1,2,0,10,e a l b o t i r f
dramatically,1,0,0,10,a l t i c y m d r
hardhack,1,3,0,10,e a l n r c h k d
frontalis,1,1,0,11,e i a n s t r o l f
rimu,0,6,0,9,a e o i n l r f
leptodactylus,1,0,0,12,a t e l o y u s c p d
trochanteric,1,0,0,10,a t i r c e h n o
propensitude,1,2,0,13,a e n c p o t i r u s d
hendecoic,1,2,0,10,e r l n c o d h i
sovereignship,1,2,0,13,a e r t s i n o p v h g
cytozyme,1,3,0,11,e a i o r m c t y z
orselle,1,2,0,8,e n t l s o r
stetch,1,1,0,7,e r s t h c
angiodermatitis,1,0,0,12,a t i n s o r m g d e
divide,1,2,0,7,e a i t d v
lacerated,1,1,0,9,e r n a t c d l
reptilism,1,0,0,9,e r t i l p s m
metromania,1,0,0,9,e r a i m t n o
capocchia,1,2,0,9,e i a l c p h o
overdue,1,1,0,8,e r i o d v u
gooseberry,1,0,0,8,e r o s y b g
regulatorship,1,0,0,13,a t i r o e s l p u h g
swire,0,6,0,10,a e s i p h t c v
tractorization,1,0,0,9,a t i o r n c z
carcinosarcomata,1,0,0,10,a c o r t i n m s
aspergilliform,1,1,0,13,a t l i r o e s m p f g
bodge,1,3,0,9,a e s i o g d b
millerite,1,0,0,7,e r t i l m
feignedly,1,2,0,11,e r n t d i l y g f
genethliacon,1,0,0,11,a l n e t c i o h g
coction,1,2,0,8,e a i n o c t
dialystaminous,1,1,0,13,a n e s i t l o u m d y
coak,0,6,0,9,a n r l t c m i
suprafoliaceous,1,0,0,12,a s c o u r l i p e f
mucronation,1,0,0,10,a t i n o c u r m
spinogalvanization,1,0,0,12,a n i o t l p s v g z
rooklet,1,2,0,9,e r a d o l t k
overlate,1,0,0,8,e r o v a l t
dtaaset,1,1,0,7,e r d a t s
unsued,1,3,0,9,e r d a i u n s
arianism,1,1,0,8,e a n s i m r
hobby,0,6,0,8,a e o l r t s
diptera,1,2,0,10,e s a r t u p d i
extrados,1,1,0,10,e n t a r s d o x
nondangerous,1,0,0,10,a n o r e u s g d
intranscalent,1,0,0,10,a n t e i c r l s
hydrops,0,6,0,8,e a i o u l t
benzoin,1,3,0,10,e r l n i g o b z
ich,1,5,0,9,a u o e i n c h
titanosaurus,1,0,0,9,a t i s u n o r
hydrophanous,1,3,0,14,a t r i e s o n h y p u d
agentship,1,1,0,11,e r s i n t a p h g
subdichotomous,1,2,0,13,a e o s u m t b i c h d
nichael,1,3,0,11,e r d t n a i c l h
accoast,1,4,0,10,e a r l n c t s o
ropewalker,1,0,0,9,e r o l a p w k
kingdomful,1,2,0,13,e i a o l n g m u d f k
pelasgic,1,1,0,10,e r l i a s c p g
orbitonasal,1,0,0,10,a l r o i n t b s
lowan,1,0,0,6,a l o n w
ouphish,1,3,0,10,e a i n s h p u o
condyloid,1,2,0,10,e i a o l d c n y
naphthamine,1,1,0,10,a n e t h p l m i
peristeromorphic,1,1,0,12,a e r i o c p s t h m
sirdar,1,3,0,9,e a n l r d s i
portership,1,0,0,9,e r s p t i h o
archon,1,3,0,10,e a n t r i o c h
falkland,1,1,0,8,e a l n d f k
haycock,0,6,0,8,e a n l s t r
submain,1,3,0,11,e a r t n m i s u b
bathyplankton,1,0,0,11,a n t o h y p l b k
chasmy,1,3,0,10,e a n s h i c m y
plebiscitum,1,3,0,14,a e r n s i c t p l u m b
surgeonless,1,1,0,10,a e s n u l r o g
shovelful,1,2,0,11,e r s t l o u v h f
galyac,1,2,0,8,e a n l g y c
microspecies,1,1,0,10,a e r s c i p o m
nonequilateral,1,0,0,11,a l n e r t o u q i
chuje,0,6,0,9,a e s i o u l m
incudomalleal,1,0,0,11,a l c o e u m d i n
anystidae,1,1,0,10,e a c n i d t s y
sedaceae,1,1,0,7,e r s a d c
convincer,1,3,0,11,e r a t s o n c i v
forethink,1,1,0,11,e n t i o h g r f k
coelacanthid,1,0,0,11,a n e c t i o l d h
periencephalitis,1,0,0,12,a s c i e r n p t l h
freed,1,3,0,8,a e s r d c f
sejant,1,3,0,10,e r l n d t s a j
flog,1,5,0,10,a e o s r l p g f
indispensable,1,0,0,10,a l e n s i d b p
prodigality,1,1,0,12,a t i c r o l y p d g
prolatively,1,1,0,12,a n t i l e o p y r v
cirrated,1,0,0,8,e r t a c d i
idiomorphically,1,0,0,12,a l i o r y c m d p h
intralobar,1,1,0,10,e i n a r t l o b
swordlet,1,0,0,9,e r d o s t l w
elegy,1,3,0,8,a e r n l g y
bolection,1,1,0,10,e n a t i o c l b
laurdalite,1,0,0,9,e a l i t r d u
saligot,1,2,0,10,e a n l i s t o g
angelolater,1,0,0,9,a l n e r t g o
ayont,1,2,0,8,a n i e t y o
oocystis,1,2,0,9,e a i o s t c y
squireling,1,0,0,10,e r s i l n g u q
natational,1,1,0,8,e i a t n l o
gaud,0,6,0,8,a r t n l b p
dragnet,1,2,0,10,e r t i o a n g d
minervan,1,1,0,9,e r i t n a m v
somatasthenia,1,0,0,10,a t s i e h m n o
cryptic,1,3,0,10,e a i c y s p r t
mailed,1,2,0,9,e r d a l m c i
gastrojejunostomy,1,0,0,13,a r o t s n u m e j y g
begreen,1,1,0,7,e d r n b g
mononitration,1,0,0,8,a t r o n i m
salesman,1,1,0,8,e r n a s l m
overfrailty,1,0,0,11,a t i r e o y l v f
endorsation,1,0,0,10,a t i n o r e d s
anisochromia,1,0,0,10,a r i o n m s c h
leaveless,1,1,0,7,e s r l a v
semiprimigenous,1,1,0,12,a e s m i n o p r u g
entoperipheral,1,1,0,12,a l c t e r i n p h o
touristdom,1,2,0,11,e i a o s m t r u d
terence,1,0,0,6,e r n t c
insurmountably,1,1,0,14,a l i e n o u s y r t b m
cachunde,1,2,0,10,e a l t n c h d u
neoclassicism,1,1,0,11,a t s i c e m n l o
helmlo,1,3,0,9,e r l i y o m h
outwile,1,3,0,11,e a i n t u r l o w
cyanogen,1,2,0,10,e r d n a c g o y
tachistoscopic,1,0,0,9,a t c o i s h p
cosmetologist,1,1,0,11,a e s t o m l c g i
steroid,1,0,0,8,e r o s t d i
chugger,1,3,0,10,e r a s u l c g h
brachypterous,1,1,0,14,a t i r e o c h u s y p b
undistanced,1,0,0,10,a t n e d i s u c
pantheum,1,2,0,11,e s a n d t h m p u
boweled,1,4,0,11,e r t d p m b l o w
querendi,1,1,0,9,e r a d i u n q
workmanliness,1,1,0,13,a t s e n i m r o l w k
cerialia,1,0,0,7,e r i c a l
bronchoconstrictor,1,1,0,11,a s o r c t n i h b
angletwitch,1,0,0,11,a t i e l n h g c w
tetanical,1,1,0,9,e r l a n t i c
geissoloma,1,2,0,11,e r t l i o s m a g
intercommunicability,1,0,0,14,a c i n t e o m r l u y b
sublime,1,4,0,12,e a i n t l c m s u b
unconjecturable,1,1,0,13,a l i e n c u o t r b j
yerava,1,0,0,6,e r a v y
dethroner,1,1,0,9,e r i o n d t h
misspend,1,1,0,9,e s n t i d p m
metaloscope,1,0,0,10,a t c o s p e l m
arpen,1,1,0,7,a n r o e p
unslackening,1,0,0,11,a n e i g l c u k s
blumea,1,4,0,11,e r d t n l a u b m
skyugle,1,4,0,12,e a i u r l s o y g k
encompasser,1,1,0,11,a t r e s n o m c p
astacus,1,3,0,9,e a n r s t c u
thaler,1,1,0,8,e r a s l h t
uncoagulated,1,0,0,11,a l n e t d u g o c
atrematous,1,1,0,10,e r n t a o m u s
inconsciently,1,1,0,11,a e s n i c t o y l
spheration,1,1,0,12,e r a t i n o c s h p
strifeless,1,1,0,9,e s l i r t k f
madidans,1,3,0,10,e a l n g i d s m
sdrucciola,1,1,0,11,e i a c s o u l r d
facetious,1,3,0,13,e n r l t s a i c o u f
rockfall,1,3,0,11,e a t l b c o r k f
porites,1,1,0,9,e r a i s t p o
erythrozyme,1,1,0,10,a e r y o m t h z
catching,1,3,0,11,e a n i g l r c h t
oworld,1,4,0,10,e a u o r t d l w
aphrodistic,1,2,0,13,a t i c s l n r o p h d
befop,0,6,0,8,a e r l t n d
autourine,1,0,0,9,e a t i n o u r
smuggishness,1,2,0,11,a e s i h t n u g m
coudee,1,1,0,7,e c o u l d
infectiveness,1,1,0,10,a e n s t i v c f
meganucleus,1,1,0,11,a t n e s u l m c g
dennis,1,2,0,8,e r l n i s d
phantascope,1,0,0,10,a t n p h e c o s
essentialness,1,0,0,8,a s e n t i l
assessee,1,0,0,4,e s a
gushingly,1,2,0,11,e i n g l y r u s h
hatable,1,1,0,8,e a t s l b h
choleric,1,2,0,10,e r t a o c i h l
sandstone,1,1,0,9,e a t i n s o d
ungrand,1,3,0,10,e a r c t n g d u
paludism,1,3,0,12,e a n l i s t u m p d
bluecap,1,3,0,11,e r n a t l c b p u
scoutcraft,1,2,0,11,e i a r c t o s u f
benedight,1,2,0,11,e r n a d i t g h b
alfaquin,1,3,0,11,e a n t r l i u f q
colosseum,1,0,0,8,e s o l c m u
cottonee,1,2,0,8,e a r o t n c
beroe,1,2,0,7,a e r g b o
lacertiloid,1,0,0,10,a t i l c o e d r
transudation,1,0,0,10,a t n i o d s r u
atractaspis,1,0,0,8,a t s i r c p
recandescence,1,0,0,8,a n e c d s r
wissel,1,4,0,10,e r d t n l s i w
wreakful,1,3,0,12,e r t s a d l u k f w
mailclad,1,2,0,9,e a n l c m d i
plectopter,1,0,0,8,e r t p l o c
mycetism,1,3,0,11,e r n l s i m y t c
piercingness,1,1,0,10,a e s n i r p g c
mollient,1,2,0,10,e s a n t m i l o
ultravirus,1,1,0,10,e i a l u r s t v
oversold,1,2,0,10,e r o v n l d c s
unfrenzied,1,1,0,10,e r t n d i u f z
legateship,1,0,0,10,e s t i a l p h g
mormyre,1,3,0,9,e a i u o r m y
wiseness,1,1,0,7,e s n a i w
dipnoi,1,3,0,9,e a u o n i p d
dogmatizer,1,2,0,13,e r a n l m t i d o z g
tibia,1,1,0,6,a u t i b
jalapa,0,6,0,8,e a c n r m d
thereaways,1,0,0,9,e r t h a s w y
crounotherapy,1,0,0,12,a t r o n e c p h u y
encyclopedial,1,0,0,11,a l e c i o n d p y
layboy,1,4,0,10,e a n l c s b y o
intracistern,1,0,0,9,a n t i r e s c
knack,1,5,0,10,a r s l e n d k c
biogenase,1,2,0,11,e r a d s b i n o g
agnes,1,1,0,7,a n i e s g
dissuasory,1,2,0,11,e i a t s u o r y d
argute,1,3,0,10,e a l t c i r u g
bk,0,6,0,8,a o e u p b t
blindfoldly,1,2,0,11,a e i o n l d y b f
frumentation,1,0,0,11,a t i n o m e u r f
perpetuana,1,1,0,9,e r s p t a n u
capuche,1,4,0,11,e a t n r l c p h u
unconstructed,1,1,0,11,a e n t c u r s d o
thysanurian,1,1,0,11,a n i e t r h y s u
ossetic,1,3,0,10,e r n a t i c s o
effusive,1,2,0,9,e t n s i v u f
schweizerkase,1,1,0,12,a t r e s i c h z w k
heterozygousness,1,1,0,13,a e s r o n u t g h y z
installant,1,1,0,8,e i n t a l s
birthnight,1,2,0,10,e i a n t r h b g
restward,1,1,0,9,e r i a s t d w
prating,1,1,0,9,e a n g i r t p
alehouse,1,2,0,10,e r s o u h c a l
harrow,1,3,0,9,e a n l r o w h
unagitatedly,1,1,0,12,a c t i e n l y u d g
unworried,1,1,0,10,e r n d i u a o w
hesitater,1,0,0,8,e r t s i a h
gesneria,1,1,0,9,e r t a i g n s
calendarer,1,0,0,8,e r c a n l d
geomaly,1,1,0,9,e r l a m y g o
equipollent,1,2,0,12,a e n t m l p o u q i
nonvisualized,1,0,0,12,a s n i o l d v z e u
apomictic,1,1,0,9,e i c p o t m a
superlaborious,1,0,0,11,a s e r o u l i p b
debile,1,3,0,9,e r t l a d i b
infanticidal,1,0,0,9,a l t i n c d f
elsehow,1,2,0,9,e n r s l o w h
russomania,1,1,0,10,e i a r s o n m u
sulky,1,4,0,10,a e o i u s l y k
choloidic,1,1,0,8,e i c o h l d
advectitious,1,0,0,11,a t s i c d e o u v
megalospheric,1,2,0,15,a n t r e i c l o m p h s g
coelin,1,2,0,9,e r s l i n c o
multilingual,1,0,0,9,a l i u n t g m
magnelectric,1,0,0,11,a t i c l e n r m g
beamy,1,5,0,11,a r s l e t b n y m
chaenactis,1,1,0,10,e r n i c a s h t
thermocouple,1,1,0,12,a e r o p c u h t l m
platosammine,1,1,0,12,a c t m e i o s p n l
sumpage,1,4,0,12,e a t r l s u b m p g
wanigan,1,1,0,7,e a n g i w
epileptologist,1,2,0,11,a e r l i o t p s g
slaughterous,1,1,0,12,a t i e s u r l o g h
ancillary,1,2,0,10,e i a n t l r y c
ochro,1,2,0,7,a e o r c h
rattly,1,2,0,8,e a n l y t r
infoliate,1,0,0,9,e a t i n o l f
incurse,1,2,0,10,e a i n c u r v s
zep,0,6,0,8,a u o e r d n
parietovisceral,1,0,0,12,a l c r e s i t o p v
apogee,1,4,0,10,e c t r d p a o g
vindex,1,2,0,9,e r d n i l x v
gumptious,1,2,0,11,e i a o u s t m p g
consul,1,2,0,9,e a u s c n l o
unpin,1,3,0,8,a e o i n u p
advisatory,1,2,0,12,e i a t n r o s d y v
whistler,1,3,0,12,e r a s o i h l c t w
leoninely,1,2,0,9,e s r l n i y o
syncretist,1,0,0,9,e r s i t c y n
tetrapneumonian,1,0,0,11,a r t n e m i o u p
hohenzollernism,1,1,0,12,a e n o l i s h m r z
pichuric,1,3,0,10,e a i c h o r p u
pathoradiography,1,0,0,11,a r p h o i y t g d
theftbote,1,1,0,8,e r t o h f b
apportionment,1,0,0,10,a t i n o p e r m
repercussive,1,1,0,10,a e r s i c v u p
forfeiture,1,1,0,9,e r s f t o i u
anenst,1,1,0,7,e r s a n t
blepharoplast,1,0,0,11,a t r p l h o s b e
hepaticoenterostomy,1,0,0,14,a t e o r i n s m p y c h
pyrosulphuryl,1,2,0,11,a e o s p r u y l h
spiritualistic,1,0,0,10,a t i s c l r p u
bucconinae,1,1,0,10,e a i d n c u o b
cariban,1,3,0,10,e a n t m r c i b
thermotical,1,0,0,11,a l c i t e r o h m
liana,1,1,0,6,a r l i n
adderspit,1,1,0,10,e n r a t s d i p
bleatingly,1,2,0,12,e r n s a l i y t b g
nonstooping,1,2,0,10,a e i o n g t s p
myotonia,1,4,0,12,e a i c r o p m n t y
sericeous,1,1,0,9,e r i n s c o u
tolerably,1,1,0,10,e n r a l o y b t
unushered,1,1,0,9,e r d p u n s h
scambler,1,0,0,9,e r a l b s m c
tugging,1,2,0,8,e a i n g u t
piripiri,1,3,0,7,e a i v r p
delomorphic,1,1,0,12,a e r i o c m p h d l
keelman,1,2,0,9,e l i a t n m k
resiliate,1,0,0,8,e r t a l i s
womanliness,1,1,0,11,a t n e s i m o l w
forecomingness,1,1,0,12,a e s n o r m i c g f
yelloch,1,3,0,10,e r l o s t c h y
sibilate,1,2,0,10,e a t u c i l s b
schoolish,1,2,0,9,e i n s h o l c
overtravel,1,0,0,8,e r o v a l t
logwise,1,3,0,11,e a i n t l s o g w
kittel,1,4,0,10,e r d t n s l i k
archichlamydeae,1,0,0,11,a c h e l r i m y d
pucherite,1,1,0,10,e r t i a c p h u
militantly,1,1,0,9,e i t l a y n m
anepiploic,1,3,0,12,e r n s d l i c p a o
droplight,1,2,0,12,e i a o l p t d r g h
osmophore,1,2,0,10,e a i o r m s p h
charonian,1,1,0,9,e i n a r c o h
ostariophysial,1,1,0,12,a l t c s i o r p h y
repatency,1,0,0,9,e r n c a y t p
catastaltic,1,0,0,7,a t c i s l
huspil,1,2,0,9,e a u l s i h p
corkage,1,3,0,11,e a t r g s b c o k
surround,1,3,0,10,e a i o u n d r s
naphthosalol,1,1,0,10,a r l t o n h p s
reauthorization,1,0,0,11,a t i o n r h e z u
pictury,0,6,0,8,e a i n s l o
planirostral,1,0,0,10,a l n o r p s t i
indulgement,1,3,0,13,a e s n t g o i d l m u
hornswoggle,1,4,0,14,a e i c t o g n s r h l w
counterapproach,1,0,0,11,a t r c o p n h e u
radiopelvimetry,1,0,0,13,a r e i o t l m y v p d
stroot,1,3,0,8,e a u o s t r
galloway,1,4,0,11,e a n l t o c g w y
actinically,1,0,0,8,a l i c y t n
lorandite,1,0,0,10,e a t i r l n o d
unchrisom,1,2,0,12,e i a o n r c u m h s
cyclophoric,1,2,0,11,a e i o c r l p h y
serogelatinous,1,0,0,12,a t i n g o e s r u l
mouthful,1,3,0,11,e a i o l u t h f m
pseudoinfluenza,1,0,0,13,a i l e n u s p d o f z
unstuttered,1,1,0,9,a e r d u t n s
counterequivalent,1,0,0,13,a n e t u r l c i o v q
commentatorially,1,0,0,12,a l o m e t n i y r c
sterling,1,1,0,10,e r o i s t n g l
rheumatoid,1,0,0,11,e r t h m i o a d u
preservative,1,1,0,10,a t i n e r v p s
caducibranchiata,1,0,0,11,a c i n t r b d h u
vrbaite,1,1,0,9,e a l r t i b v
bainie,1,1,0,7,e a l n i b
stalinite,1,0,0,8,e a t s l i n
khedive,1,4,0,11,e r i t l n h d v k
salema,1,3,0,9,e n a r t l m s
semiconnection,1,1,0,10,a e s n c o i t m
condyloma,1,2,0,11,e i a o n c d l m y
theosophize,1,3,0,12,a e r n s h o t p i z
suaviloquence,1,1,0,13,a t s n e u l i o c v q
thankful,1,3,0,12,e a n i t s u l h f k
sweetlike,1,1,0,9,e s t i h l k w
blanketing,1,1,0,11,e r n t i a g b l k
zelkova,1,5,0,13,e r l i o s t c v a k z
vincible,1,2,0,10,e a i n s c l b v
troublement,1,2,0,12,a e s n m t o r u l b
standelwelks,1,0,0,10,a t s n e l d k w
vesper,1,3,0,9,e r t d l p s v
incomparability,1,0,0,13,a r t i n o l m y c b p
euskarian,1,0,0,9,e n a r s i u k
verbal,1,2,0,9,e r a l t i v b
ungenuineness,1,1,0,8,a e n s u g i
unconsolable,1,0,0,10,a l e u n o c b s
quisquilian,1,0,0,8,a l n i u q s
anyway,1,4,0,9,e a n l r g y w
yzotcdz,1,5,0,12,e a i o l r c t z y d
haploperistomous,1,0,0,13,a l o p s h e r i t u m
opinion,1,2,0,7,e a i n o p
bonderman,1,1,0,10,e r i a n m d b o
befavor,1,4,0,12,e r t d a l n b v o f
pediculi,1,2,0,10,e r l a i c d p u
upbulging,1,2,0,10,e i n g u s l b p
rampion,1,3,0,11,e a n t r c m i o p
pyrimidyl,1,4,0,12,e i a n o m p r y l d
manage,1,3,0,9,e a t r n c m g
irascibleness,1,1,0,11,a t s c e i n l b r
noniconoclastic,1,0,0,9,a n c o i l t s
sigmoidoscopy,1,2,0,12,a e o s i c m p y d g
roscid,0,6,0,9,e a u o n l c h
physiologize,1,2,0,13,a e i t o s p h l z g y
lepidophloios,1,3,0,12,a e s r n o l p i d h
mshybvdw,1,5,0,14,e a i o u h s y m d b w v
